{
	"aisles": [{
			"number": "1",
			"category": "Pet care",
			"items": [{
					"name": "Pet food for cats",
					"price": "14.99",
					"image": "Pet_food_for_cats.jpg",
					"count": "23"
				},
				{
					"name": "Pet food for cats saver pack - pack of 5",
					"price": "69.99",
					"image": "Pet_food_for_cats_saver_pack_pack_of_5.jpg",
					"count": "5"
				},
				{
					"name": "Pet food for dogs - tin",
					"price": "12.99",
					"image": "Pet_food_for_dogs_tin.jpg",
					"count": "18"
				},
				{
					"name": "Pet food for dogs",
					"price": "23.99",
					"image": "Pet_food_for_dogs.jpg",
					"count": "12"
				}
			]
		},
		{
			"number": "2",
			"category": "Detergent",
			"items": [{
					"name": "Tide liquid detergent",
					"price": "11.99",
					"image": "Tide_liquid_detergent.jpg",
					"count": "20"
				},
				{
					"name": "Fabric bleaching liquid",
					"price": "9.49",
					"image": "Fabric_bleaching_liquid.jpg",
					"count": "16"
				},
				{
					"name": "Washing powder for clothes",
					"price": "9.99",
					"image": "Washing_powder_for_clothes.jpg",
					"count": "14"
				},
				{
					"name": "Washing powder and bleach combo pack",
					"price": "19.99",
					"image": "Washing_powder_and_bleach_combo_pack.jpg",
					"count": "5"
				}
			]
		},
		{
			"number": "3",
			"category": "Pantry",
			"items": [{
					"name": "Tomato puree for pasta and more",
					"price": "12.99",
					"image": "Tomato_puree_for_pasta_and_more.jpg",
					"count": "8"
				},
				{
					"name": "Pasta sauce saver pack - pack of 3",
					"price": "34.99",
					"image": "Pasta_sauce_saver_pack_pack_of_3.jpg",
					"count": "19"
				},
				{
					"name": "Pasta - Spaghetti",
					"price": "6.49",
					"image": "Pasta_Spaghetti.jpg",
					"count": "7"
				},
				{
					"name": "Pasta saver combo - pack of 5",
					"price": "34.99",
					"image": "Pasta_saver_combo_pack_of_5.jpg",
					"count": "6"
				},
				{
					"name": "Pasta saver combo - pack of 6",
					"price": "39.49",
					"image": "Pasta_saver_combo_pack_of_6.jpg",
					"count": "15"
				},
				{
					"name": "Strawberry jam jar",
					"price": "5.49",
					"image": "Strawberry_jam_jar.jpg",
					"count": "32"
				},
				{
					"name": "Jam combo - pack of 6 fruit flavoured jam jars",
					"price": "29.99",
					"image": "Jam_combo_pack_of_6_fruit_flavoured_jam_jars.jpg",
					"count": "20"
				}
			]
		},
		{
			"number": "4",
			"category": "Dairy",
			"items": [{
					"name": "Milk mini pack",
					"price": "2.99",
					"image": "Milk_mini_pack.jpg",
					"count": "11"
				},
				{
					"name": "Milk large pack",
					"price": "5.49",
					"image": "Milk_large_pack.jpg",
					"count": "15"
				},
				{
					"name": "Flavoured milk combo - pack of 3",
					"price": "9.99",
					"image": "Flavoured_milk_combo_pack_of_3.jpg",
					"count": "22"
				},
				{
					"name": "Flavoured milk bottle combo - pack of 3",
					"price": "14.99",
					"image": "Flavoured_milk_bottle_combo_pack_of_3.jpg",
					"count": "10"
				},
				{
					"name": "Chocolate milk",
					"price": "6.99",
					"image": "Chocolate_milk.jpg",
					"count": "4"
				},
				{
					"name": "Yogurt",
					"price": "1.99",
					"image": "Yogurt.jpg",
					"count": "14"
				},
				{
					"name": "Strawberry yogurt",
					"price": "2.49",
					"image": "Strawberry_Yogurt.jpg",
					"count": "16"
				}
			]
		},
		{
			"number": "5",
			"category": "Bakery",
			"items": [{
				"name": "Bread loaf",
				"price": "8.99",
				"image": "Bread_loaf.jpg",
				"count": "9"
			}]
		},
		{
			"number": "6",
			"category": "Ice cream",
			"items": [{
				"name": "Family pack chocolate topped raspberry ice cream",
				"price": "7.49",
				"image": "Family_pack_chocolate_topped_raspberry_ice_cream.jpg",
				"count": "2"
			}]
		},
		{
			"number": "7",
			"category": "Candy",
			"items": [{
					"name": "Lollipop",
					"price": "1.49",
					"image": "Lollipop.jpg",
					"count": "12"
				},
				{
					"name": "Marshmallow pack",
					"price": "3.49",
					"image": "Marshmallow_pack.jpg",
					"count": "15"
				},
				{
					"name": "Chocolate nutty bar",
					"price": "2.49",
					"image": "Chocolate_nutty_bar.jpg",
					"count": "7"
				},
				{
					"name": "Chocolate bar",
					"price": "1.99",
					"image": "Chocolate_bar.jpg",
					"count": "4"
				},
				{
					"name": "Protein bar",
					"price": "2.99",
					"image": "Protein_bar.jpg",
					"count": "20"
				},
				{
					"name": "Protein bar saver combo - pack of 3",
					"price": "7.99",
					"image": "Protein_bar_saver_combo_pack_of_3.jpg",
					"count": "17"
				}
			]
		}
	]
}